fileId,Lang
devel_0001,2
devel_0002,3
devel_0011,2
devel_0016,3
devel_0017,1
devel_0020,4
devel_0030,1
devel_0033,3
devel_0036,1
devel_0037,2
devel_0042,2
devel_0052,3
devel_0053,1
devel_0056,3
devel_0061,3
devel_0075,3
devel_0077,1
devel_0078,4
devel_0079,1
devel_0082,3
devel_0084,1
devel_0087,3
devel_0089,4
devel_0095,2
devel_0097,4
devel_0098,1
devel_0102,1
devel_0104,2
devel_0106,1
devel_0108,4
devel_0109,4
devel_0113,3
devel_0114,1
devel_0115,4
devel_0120,3
devel_0121,4
devel_0122,4
devel_0124,1
devel_0127,4
devel_0128,1
devel_0129,4
devel_0130,4
devel_0133,4
devel_0134,3
devel_0139,3
devel_0140,4
devel_0142,1
devel_0143,4
devel_0144,4
devel_0151,2
devel_0152,3
devel_0153,1
devel_0156,3
devel_0161,3
devel_0162,3
devel_0165,2
devel_0172,3
devel_0173,1
devel_0177,1
devel_0178,1
devel_0179,4
devel_0181,3
devel_0183,2
devel_0189,4
devel_0190,4
devel_0193,2
devel_0194,3
devel_0198,4
devel_0207,2
devel_0210,2
devel_0213,3
devel_0214,4
devel_0215,4
devel_0228,1
devel_0237,1
devel_0238,4
devel_0240,3
devel_0242,4
devel_0243,2
devel_0244,2
devel_0248,1
devel_0249,2
devel_0251,1
devel_0253,3
devel_0254,4
devel_0256,2
devel_0258,3
devel_0260,4
devel_0263,4
devel_0264,2
devel_0265,1
devel_0266,3
devel_0269,1
devel_0273,2
devel_0274,3
devel_0275,3
devel_0283,2
devel_0284,2
devel_0285,2
devel_0288,1
devel_0289,2
devel_0291,4
devel_0303,3
devel_0309,1
devel_0310,4
devel_0311,1
devel_0314,2
devel_0319,2
devel_0326,1
devel_0334,2
devel_0335,2
devel_0337,4
devel_0340,3
devel_0341,2
devel_0342,2
devel_0343,3
devel_0345,3
devel_0346,2
devel_0350,2
devel_0352,3
devel_0354,3
devel_0355,3
devel_0359,4
devel_0365,1
devel_0367,2
devel_0368,2
devel_0373,2
devel_0374,4
devel_0376,2
devel_0377,4
devel_0381,3
devel_0382,2
devel_0384,4
devel_0386,2
devel_0387,1
devel_0389,2
devel_0394,4
devel_0395,2
devel_0399,2
devel_0401,3
devel_0402,3
devel_0405,4
devel_0409,3
devel_0414,4
devel_0415,1
devel_0417,3
devel_0418,1
devel_0420,1
devel_0423,1
devel_0424,1
devel_0426,4
devel_0429,1
devel_0434,3
devel_0436,4
devel_0442,2
devel_0445,4
devel_0446,3
devel_0448,3
devel_0449,3
devel_0453,2
devel_0459,2
devel_0466,3
devel_0467,1
devel_0470,3
devel_0472,3
devel_0474,1
devel_0476,2
devel_0481,3
devel_0483,1
devel_0485,1
devel_0487,2
devel_0492,2
devel_0493,4
devel_0496,4
devel_0499,2
devel_0506,2
eval_0001,2
eval_0002,2
eval_0003,2
eval_0004,4
eval_0005,2
eval_0006,2
eval_0007,2
eval_0008,3
eval_0009,2
eval_0010,2
eval_0011,1
eval_0012,4
eval_0013,4
eval_0014,3
eval_0015,3
eval_0016,4
eval_0017,1
eval_0018,4
eval_0019,2
eval_0020,2
eval_0021,4
eval_0022,2
eval_0023,2
eval_0024,1
eval_0025,2
eval_0026,1
eval_0027,2
eval_0028,2
eval_0029,3
eval_0030,2
eval_0031,4
eval_0032,3
eval_0033,2
eval_0034,2
eval_0035,3
eval_0036,4
eval_0037,4
eval_0038,2
eval_0039,4
eval_0040,1
eval_0041,3
eval_0042,2
eval_0043,1
eval_0044,3
eval_0045,1
eval_0046,2
eval_0047,1
eval_0048,2
eval_0049,3
eval_0050,2
eval_0051,1
eval_0052,2
eval_0053,1
eval_0054,3
eval_0055,2
eval_0056,1
eval_0057,1
eval_0058,4
eval_0059,2
eval_0060,4
eval_0061,1
eval_0062,4
eval_0063,4
eval_0064,4
eval_0065,3
eval_0066,2
eval_0067,4
eval_0068,3
eval_0069,1
eval_0070,1
eval_0071,3
eval_0072,3
eval_0073,3
eval_0074,2
eval_0075,2
eval_0076,4
eval_0077,4
eval_0078,2
eval_0079,2
eval_0080,4
eval_0081,3
eval_0082,2
eval_0083,4
eval_0084,3
eval_0085,1
eval_0086,4
eval_0087,2
eval_0088,3
eval_0089,2
eval_0090,2
eval_0091,1
eval_0092,3
eval_0093,4
eval_0094,1
eval_0095,2
eval_0096,1
eval_0097,4
eval_0098,1
eval_0099,2
eval_0100,3
eval_0101,1
eval_0102,1
eval_0103,1
eval_0104,4
eval_0105,3
eval_0106,1
eval_0107,4
eval_0108,1
eval_0109,4
eval_0110,3
eval_0111,4
eval_0112,4
eval_0113,3
eval_0114,1
eval_0115,2
eval_0116,4
eval_0117,2
eval_0118,4
eval_0119,3
eval_0120,2
eval_0121,3
eval_0122,1
eval_0123,4
eval_0124,1
eval_0125,1
eval_0126,4
eval_0127,1
eval_0128,4
eval_0129,4
eval_0130,3
eval_0131,3
eval_0132,1
eval_0133,4
eval_0134,4
eval_0135,3
eval_0136,4
eval_0137,1
eval_0138,2
eval_0139,4
eval_0140,3
eval_0141,4
eval_0142,1
eval_0143,3
eval_0144,1
eval_0145,4
eval_0146,3
eval_0147,1
eval_0148,1
eval_0149,1
eval_0150,3
eval_0151,2
eval_0152,1
eval_0153,1
eval_0154,1
eval_0155,4
eval_0156,1
eval_0157,1
eval_0158,4
eval_0159,1
eval_0160,3
eval_0161,4
eval_0162,3
eval_0163,4
eval_0164,4
eval_0165,4
eval_0166,4
eval_0167,3
eval_0168,1
eval_0169,2
eval_0170,2
